adf_statistic,p_value,used_lag,n_observations,critical_value_1%,critical_value_5%,critical_value_10%
-5.880184706030424,3.0915060869048556e-07,10,479,-3.44407586647939,-2.867592847097137,-2.5699939338217668
